<?xml version="1.0" encoding="UTF-8"?>
<Manifest xmlns:xsi="http://www.w3.org/2001/XMLSchema-instance" xsdVersion="0.16.0" kind="ProductionCode" efmiVersion="1.0.0" id="{c5628472-a1af-401d-9c99-6df783667212}" name="ProductionCodeESP64" generationDateAndTime="2021-03-01T18:48:00.511+01:00" generationTool="embedded software producer/EfmiProductionCodeGen 1.0.0" xsi:noNamespaceSchemaLocation="../schemas\ProductionCode\efmiProductionCodeManifest.xsd">
    <ManifestReferences>
        <ManifestReference id="ALG_MAN_ID" manifestRefId="{4585651c-9211-49f2-8f20-6c3ebe08e650}" checksum="bb1fcaa777c0a6ab4dd9fc6fa409798ace78f031" origin="true"/>
    </ManifestReferences>
    <Files>
        <File id="FILE_ID_esp_alg.h_0" name="esp_alg.h" path="./" needsChecksum="true" checksum="5e37b577b6d13f5d86de378fe000ad391b6ce1fc" role="Code"/>
        <File id="FILE_ID_eFMI_TestCases_M04_DrivetrainTorqueControl_Controllers_Controller.c_1" name="eFMI_TestCases_M04_DrivetrainTorqueControl_Controllers_Controller.c" path="./" needsChecksum="true" checksum="3dbfead9e7c326776d56fbdc03b0e7a4bb67a854" role="Code"/>
        <File id="FILE_ID_efmi_code.h_2" name="efmi_code.h" path="./" needsChecksum="true" checksum="54e241a309491b8c62025a214c0a9b1007a6c590" role="Code"/>
        <File id="FILE_ID_esp_alg.c_3" name="esp_alg.c" path="./" needsChecksum="true" checksum="af6e2a2f67604b6eee1ae15f27a725fec7593df5" role="Code"/>
        <File id="FILE_ID_eFMI_TestCases_M04_DrivetrainTorqueControl_Controllers_Controller.h_4" name="eFMI_TestCases_M04_DrivetrainTorqueControl_Controllers_Controller.h" path="./" needsChecksum="true" checksum="87f7388f978b5d0d3b58de50ee5f7a70511a142f" role="Code"/>
        <File id="FILE_ID_efmi_code.c_5" name="efmi_code.c" path="./" needsChecksum="true" checksum="3fa51c815034b6e0c2083643ac14b8409d544bc8" role="Code"/>
    </Files>
    <CodeContainer language="C" standard="C99" platform="Legacy" floatPrecision="64-bit">
        <Target>Generic</Target>
        <CompilerOptions compileRoot="./"/>
        <LinkerOptions/>
        <TargetTypes>
            <TargetType id="TGT_ID_efmiInteger8_0" kind="efmiInteger8" codedType="signed char"/>
            <TargetType id="TGT_ID_efmiUnsignedInteger8_1" kind="efmiUnsignedInteger8" codedType="unsigned char"/>
            <TargetType id="TGT_ID_efmiInteger16_2" kind="efmiInteger16" codedType="signed short"/>
            <TargetType id="TGT_ID_efmiUnsignedInteger16_3" kind="efmiUnsignedInteger16" codedType="unsigned short"/>
            <TargetType id="TGT_ID_efmiInteger32_4" kind="efmiInteger32" codedType="signed int"/>
            <TargetType id="TGT_ID_efmiUnsignedInteger32_5" kind="efmiUnsignedInteger32" codedType="unsigned int"/>
            <TargetType id="TGT_ID_efmiFloat32_6" kind="efmiFloat32" codedType="float"/>
            <TargetType id="TGT_ID_efmiFloat64_7" kind="efmiFloat64" codedType="double"/>
            <TargetType id="TGT_ID_efmiVoid_8" kind="efmiVoid" codedType="void"/>
            <TargetType id="TGT_ID_efmiBool_9" kind="efmiBool" codedType="unsigned int"/>
        </TargetTypes>
        <CodeFiles>
            <CodeFile id="CFILE_ID_esp_alg.h_0" fileType="ProductionCode" codeType="HeaderFile">
                <FileReference fileRefId="FILE_ID_esp_alg.h_0"/>
                <Typedefs>
                    <Typedef id="TYPE_ID_ErrorSignal_0" name="ErrorSignal">
                        <Alias targetTypeRefId="TGT_ID_efmiUnsignedInteger32_5"/>
                    </Typedef>
                </Typedefs>
            </CodeFile>
            <CodeFile id="CFILE_ID_eFMI_TestCases_M04_DrivetrainTorqueControl_Controllers_Controller.c_1" fileType="ProductionCode" codeType="SourceFile">
                <FileReference fileRefId="FILE_ID_eFMI_TestCases_M04_DrivetrainTorqueControl_Controllers_Controller.c_1"/>
                <Includes>
                    <Include codeFileRefId="CFILE_ID_eFMI_TestCases_M04_DrivetrainTorqueControl_Controllers_Controller.h_4"/>
                </Includes>
            </CodeFile>
            <CodeFile id="CFILE_ID_efmi_code.h_2" fileType="ProductionCode" codeType="HeaderFile">
                <FileReference fileRefId="FILE_ID_efmi_code.h_2"/>
                <Includes>
                    <Include codeFileRefId="CFILE_ID_eFMI_TestCases_M04_DrivetrainTorqueControl_Controllers_Controller.h_4"/>
                </Includes>
                <Typedefs>
                    <Typedef id="TYPE_ID_Boolean_1" name="Boolean">
                        <Alias targetTypeRefId="TGT_ID_efmiBool_9"/>
                    </Typedef>
                    <Typedef id="TYPE_ID_Integer_2" name="Integer">
                        <Alias targetTypeRefId="TGT_ID_efmiInteger32_4"/>
                    </Typedef>
                    <Typedef id="TYPE_ID_Real_3" name="Real">
                        <Alias targetTypeRefId="TGT_ID_efmiFloat64_7"/>
                    </Typedef>
                </Typedefs>
            </CodeFile>
            <CodeFile id="CFILE_ID_esp_alg.c_3" fileType="ProductionCode" codeType="SourceFile">
                <FileReference fileRefId="FILE_ID_esp_alg.c_3"/>
                <Includes>
                    <Include codeFileRefId="CFILE_ID_esp_alg.h_0"/>
                </Includes>
            </CodeFile>
            <CodeFile id="CFILE_ID_eFMI_TestCases_M04_DrivetrainTorqueControl_Controllers_Controller.h_4" fileType="ProductionCode" codeType="HeaderFile">
                <FileReference fileRefId="FILE_ID_eFMI_TestCases_M04_DrivetrainTorqueControl_Controllers_Controller.h_4"/>
                <Includes>
                    <Include codeFileRefId="CFILE_ID_esp_alg.h_0"/>
                </Includes>
                <Typedefs>
                    <Typedef id="TYPE_ID_eFMI_TestCases_M04_DrivetrainTorqueControl_Controllers_Controller_struct_4" name="eFMI_TestCases_M04_DrivetrainTorqueControl_Controllers_Controller_struct">
                        <Components>
                            <Component id="COMP_ID_ErrorSignals_0" name="ErrorSignals" typeDefRefId="TYPE_ID_ErrorSignal_0" pointer="false"/>
                            <Component id="COMP_ID_M_desired_1" name="M_desired" typeDefRefId="TYPE_ID_Real_3" pointer="false"/>
                            <Component id="COMP_ID_wRel_2" name="wRel" typeDefRefId="TYPE_ID_Real_3" pointer="false"/>
                            <Component id="COMP_ID_M_motor_3" name="M_motor" typeDefRefId="TYPE_ID_Real_3" pointer="false"/>
                            <Component id="COMP_ID_J_M_4" name="J_M" typeDefRefId="TYPE_ID_Real_3" pointer="false"/>
                            <Component id="COMP_ID_Ni_PI_5" name="Ni_PI" typeDefRefId="TYPE_ID_Real_3" pointer="false"/>
                            <Component id="COMP_ID_Ti_PI_6" name="Ti_PI" typeDefRefId="TYPE_ID_Real_3" pointer="false"/>
                            <Component id="COMP_ID_c_res_7" name="c_res" typeDefRefId="TYPE_ID_Real_3" pointer="false"/>
                            <Component id="COMP_ID_d_res_8" name="d_res" typeDefRefId="TYPE_ID_Real_3" pointer="false"/>
                            <Component id="COMP_ID_f_cut_9" name="f_cut" typeDefRefId="TYPE_ID_Real_3" pointer="false"/>
                            <Component id="COMP_ID_gearRatio_10" name="gearRatio" typeDefRefId="TYPE_ID_Real_3" pointer="false"/>
                            <Component id="COMP_ID_k_PI_11" name="k_PI" typeDefRefId="TYPE_ID_Real_3" pointer="false"/>
                            <Component id="COMP_ID_k_accCor_12" name="k_accCor" typeDefRefId="TYPE_ID_Real_3" pointer="false"/>
                            <Component id="COMP_ID_tauM_max_13" name="tauM_max" typeDefRefId="TYPE_ID_Real_3" pointer="false"/>
                            <Component id="COMP_ID_PI_yMin_14" name="PI_yMin" typeDefRefId="TYPE_ID_Real_3" pointer="false"/>
                            <Component id="COMP_ID_PI_I_k_15" name="PI_I_k" typeDefRefId="TYPE_ID_Real_3" pointer="false"/>
                            <Component id="COMP_ID_PI_gainTrack_k_16" name="PI_gainTrack_k" typeDefRefId="TYPE_ID_Real_3" pointer="false"/>
                            <Component id="COMP_ID_approxPlant_driveline_J_M_17" name="approxPlant_driveline_J_M" typeDefRefId="TYPE_ID_Real_3" pointer="false"/>
                            <Component id="COMP_ID_filter_alpha_18" name="filter_alpha" typeDefRefId="TYPE_ID_Real_3" pointer="false"/>
                            <Component id="COMP_ID_filter_w_19" name="filter_w" typeDefRefId="TYPE_ID_Real_3" pointer="false"/>
                            <Component id="COMP_ID_gear1_k_20" name="gear1_k" typeDefRefId="TYPE_ID_Real_3" pointer="false"/>
                            <Component id="COMP_ID_PI_wp_21" name="PI_wp" typeDefRefId="TYPE_ID_Real_3" pointer="false"/>
                            <Component id="COMP_ID_PI_xi_start_22" name="PI_xi_start" typeDefRefId="TYPE_ID_Real_3" pointer="false"/>
                            <Component id="COMP_ID_PI_P_k_23" name="PI_P_k" typeDefRefId="TYPE_ID_Real_3" pointer="false"/>
                            <Component id="COMP_ID_PI_addI_k1_24" name="PI_addI_k1" typeDefRefId="TYPE_ID_Real_3" pointer="false"/>
                            <Component id="COMP_ID_PI_addI_k2_25" name="PI_addI_k2" typeDefRefId="TYPE_ID_Real_3" pointer="false"/>
                            <Component id="COMP_ID_PI_addI_k3_26" name="PI_addI_k3" typeDefRefId="TYPE_ID_Real_3" pointer="false"/>
                            <Component id="COMP_ID_PI_addP_k2_27" name="PI_addP_k2" typeDefRefId="TYPE_ID_Real_3" pointer="false"/>
                            <Component id="COMP_ID_PI_addPI_k1_28" name="PI_addPI_k1" typeDefRefId="TYPE_ID_Real_3" pointer="false"/>
                            <Component id="COMP_ID_PI_addPI_k2_29" name="PI_addPI_k2" typeDefRefId="TYPE_ID_Real_3" pointer="false"/>
                            <Component id="COMP_ID_PI_addSat_k1_30" name="PI_addSat_k1" typeDefRefId="TYPE_ID_Real_3" pointer="false"/>
                            <Component id="COMP_ID_PI_addSat_k2_31" name="PI_addSat_k2" typeDefRefId="TYPE_ID_Real_3" pointer="false"/>
                            <Component id="COMP_ID_PI_add_ff_k1_32" name="PI_add_ff_k1" typeDefRefId="TYPE_ID_Real_3" pointer="false"/>
                            <Component id="COMP_ID_PI_add_ff_k2_33" name="PI_add_ff_k2" typeDefRefId="TYPE_ID_Real_3" pointer="false"/>
                            <Component id="COMP_ID_approxPlant_driveline_Gear_phi_rel0_34" name="approxPlant_driveline_Gear_phi_rel0" typeDefRefId="TYPE_ID_Real_3" pointer="false"/>
                            <Component id="COMP_ID_filter_normalized_35" name="filter_normalized" typeDefRefId="TYPE_ID_Boolean_1" pointer="false"/>
                            <Component id="COMP_ID_filter_x_start_1_36" name="filter_x_start_1" typeDefRefId="TYPE_ID_Real_3" pointer="false"/>
                            <Component id="COMP_ID_filter_x_start_2_37" name="filter_x_start_2" typeDefRefId="TYPE_ID_Real_3" pointer="false"/>
                            <Component id="COMP_ID_discrete_stepSize_38" name="discrete_stepSize" typeDefRefId="TYPE_ID_Real_3" pointer="false"/>
                            <Component id="COMP_ID_PI_y_39" name="PI_y" typeDefRefId="TYPE_ID_Real_3" pointer="false"/>
                            <Component id="COMP_ID_der_PI_I_y_40" name="der_PI_I_y" typeDefRefId="TYPE_ID_Real_3" pointer="false"/>
                            <Component id="COMP_ID_PI_I_u_41" name="PI_I_u" typeDefRefId="TYPE_ID_Real_3" pointer="false"/>
                            <Component id="COMP_ID_PI_I_y_42" name="PI_I_y" typeDefRefId="TYPE_ID_Real_3" pointer="false"/>
                            <Component id="COMP_ID_PI_P_y_43" name="PI_P_y" typeDefRefId="TYPE_ID_Real_3" pointer="false"/>
                            <Component id="COMP_ID_PI_addI_u3_44" name="PI_addI_u3" typeDefRefId="TYPE_ID_Real_3" pointer="false"/>
                            <Component id="COMP_ID_PI_addP_y_45" name="PI_addP_y" typeDefRefId="TYPE_ID_Real_3" pointer="false"/>
                            <Component id="COMP_ID_PI_addSat_y_46" name="PI_addSat_y" typeDefRefId="TYPE_ID_Real_3" pointer="false"/>
                            <Component id="COMP_ID_PI_gainPI_u_47" name="PI_gainPI_u" typeDefRefId="TYPE_ID_Real_3" pointer="false"/>
                            <Component id="COMP_ID_PI_gainPI_y_48" name="PI_gainPI_y" typeDefRefId="TYPE_ID_Real_3" pointer="false"/>
                            <Component id="COMP_ID_PI_limiter_u_49" name="PI_limiter_u" typeDefRefId="TYPE_ID_Real_3" pointer="false"/>
                            <Component id="COMP_ID_der_approxPlant_driveline_Gear_phi_rel_50" name="der_approxPlant_driveline_Gear_phi_rel" typeDefRefId="TYPE_ID_Real_3" pointer="false"/>
                            <Component id="COMP_ID_der_approxPlant_driveline_Gear_tau_c_51" name="der_approxPlant_driveline_Gear_tau_c" typeDefRefId="TYPE_ID_Real_3" pointer="false"/>
                            <Component id="COMP_ID_der_approxPlant_driveline_Gear_tau_d_52" name="der_approxPlant_driveline_Gear_tau_d" typeDefRefId="TYPE_ID_Real_3" pointer="false"/>
                            <Component id="COMP_ID_der_approxPlant_driveline_Gear_w_rel_53" name="der_approxPlant_driveline_Gear_w_rel" typeDefRefId="TYPE_ID_Real_3" pointer="false"/>
                            <Component id="COMP_ID_approxPlant_driveline_Gear_phi_rel_54" name="approxPlant_driveline_Gear_phi_rel" typeDefRefId="TYPE_ID_Real_3" pointer="false"/>
                            <Component id="COMP_ID_approxPlant_driveline_Gear_tau_c_55" name="approxPlant_driveline_Gear_tau_c" typeDefRefId="TYPE_ID_Real_3" pointer="false"/>
                            <Component id="COMP_ID_approxPlant_driveline_Gear_tau_d_56" name="approxPlant_driveline_Gear_tau_d" typeDefRefId="TYPE_ID_Real_3" pointer="false"/>
                            <Component id="COMP_ID_der_approxPlant_driveline_flange_b_tau_57" name="der_approxPlant_driveline_flange_b_tau" typeDefRefId="TYPE_ID_Real_3" pointer="false"/>
                            <Component id="COMP_ID_approxPlant_driveline_flange_b_tau_58" name="approxPlant_driveline_flange_b_tau" typeDefRefId="TYPE_ID_Real_3" pointer="false"/>
                            <Component id="COMP_ID_der_approxPlant_driveline_inertiaDrivelineIn_w_59" name="der_approxPlant_driveline_inertiaDrivelineIn_w" typeDefRefId="TYPE_ID_Real_3" pointer="false"/>
                            <Component id="COMP_ID_approxPlant_driveline_inertiaDrivelineIn_flange_b_tau_60" name="approxPlant_driveline_inertiaDrivelineIn_flange_b_tau" typeDefRefId="TYPE_ID_Real_3" pointer="false"/>
                            <Component id="COMP_ID_der_approxPlant_torqueDist_flange_tau_61" name="der_approxPlant_torqueDist_flange_tau" typeDefRefId="TYPE_ID_Real_3" pointer="false"/>
                            <Component id="COMP_ID_approxPlant_torqueDist_flange_tau_62" name="approxPlant_torqueDist_flange_tau" typeDefRefId="TYPE_ID_Real_3" pointer="false"/>
                            <Component id="COMP_ID_der_filter_x_1_63" name="der_filter_x_1" typeDefRefId="TYPE_ID_Real_3" pointer="false"/>
                            <Component id="COMP_ID_der_filter_x_2_64" name="der_filter_x_2" typeDefRefId="TYPE_ID_Real_3" pointer="false"/>
                            <Component id="COMP_ID_filter_x_1_65" name="filter_x_1" typeDefRefId="TYPE_ID_Real_3" pointer="false"/>
                            <Component id="COMP_ID_filter_x_2_66" name="filter_x_2" typeDefRefId="TYPE_ID_Real_3" pointer="false"/>
                            <Component id="COMP_ID_gear_u_67" name="gear_u" typeDefRefId="TYPE_ID_Real_3" pointer="false"/>
                            <Component id="COMP_ID_gear_y_68" name="gear_y" typeDefRefId="TYPE_ID_Real_3" pointer="false"/>
                        </Components>
                    </Typedef>
                </Typedefs>
            </CodeFile>
            <CodeFile id="CFILE_ID_efmi_code.c_5" fileType="ProductionCode" codeType="SourceFile">
                <FileReference fileRefId="FILE_ID_efmi_code.c_5"/>
                <Includes>
                    <Include codeFileRefId="CFILE_ID_efmi_code.h_2"/>
                </Includes>
                <Variables>
                    <Variable id="VAR_ID_eFMI_TestCases_M04_DrivetrainTorqueControl_Controllers_Controller_struct_0" name="efmiData" typeDefRefId="TYPE_ID_eFMI_TestCases_M04_DrivetrainTorqueControl_Controllers_Controller_struct_4" const="false" volatile="false" static="false"/>
                </Variables>
                <Functions>
                    <Function id="FNC_ID_efmiInitialize_0" name="efmiInitialize">
                        <ReturnParameter id="AUX_ID_0" typeDefRefId="TYPE_ID_Boolean_1"/>
                    </Function>
                    <Function id="FNC_ID_efmiDoStep_1" name="efmiDoStep">
                        <ReturnParameter id="AUX_ID_1" typeDefRefId="TYPE_ID_Boolean_1"/>
                    </Function>
                    <Function id="FNC_ID_efmiReInitialize_2" name="efmiReInitialize">
                        <ReturnParameter id="AUX_ID_2" typeDefRefId="TYPE_ID_Boolean_1"/>
                    </Function>
                </Functions>
            </CodeFile>
        </CodeFiles>
        <TechnicalInformationLookUps>
            <DeclaredTypedefs>
                <DeclaredTypedef typeDefRefId="TYPE_ID_ErrorSignal_0"/>
                <DeclaredTypedef typeDefRefId="TYPE_ID_Boolean_1"/>
                <DeclaredTypedef typeDefRefId="TYPE_ID_Integer_2"/>
                <DeclaredTypedef typeDefRefId="TYPE_ID_Real_3"/>
                <DeclaredTypedef typeDefRefId="TYPE_ID_eFMI_TestCases_M04_DrivetrainTorqueControl_Controllers_Controller_struct_4"/>
                <DeclaredTypedef typeDefRefId="TGT_ID_efmiInteger8_0"/>
                <DeclaredTypedef typeDefRefId="TGT_ID_efmiUnsignedInteger8_1"/>
                <DeclaredTypedef typeDefRefId="TGT_ID_efmiInteger16_2"/>
                <DeclaredTypedef typeDefRefId="TGT_ID_efmiUnsignedInteger16_3"/>
                <DeclaredTypedef typeDefRefId="TGT_ID_efmiInteger32_4"/>
                <DeclaredTypedef typeDefRefId="TGT_ID_efmiUnsignedInteger32_5"/>
                <DeclaredTypedef typeDefRefId="TGT_ID_efmiFloat32_6"/>
                <DeclaredTypedef typeDefRefId="TGT_ID_efmiFloat64_7"/>
                <DeclaredTypedef typeDefRefId="TGT_ID_efmiVoid_8"/>
                <DeclaredTypedef typeDefRefId="TGT_ID_efmiBool_9"/>
            </DeclaredTypedefs>
            <GlobalAccessableDataElements>
                <GlobalAccessableDataElement variableRefId="VAR_ID_eFMI_TestCases_M04_DrivetrainTorqueControl_Controllers_Controller_struct_0"/>
            </GlobalAccessableDataElements>
        </TechnicalInformationLookUps>
        <LogicalData>
            <DataReferences>
                <DataReference>
                    <ForeignVariableReference manifestReferenceRefId="ALG_MAN_ID" foreignRefId="block:fake-signal-variable-anchor"/>
                    <GlobalVariable variableRefId="VAR_ID_eFMI_TestCases_M04_DrivetrainTorqueControl_Controllers_Controller_struct_0" componentIdentifier="efmiData.ErrorSignals"/>
                </DataReference>
                <DataReference>
                    <ForeignVariableReference manifestReferenceRefId="ALG_MAN_ID" foreignRefId="M_desired"/>
                    <GlobalVariable variableRefId="VAR_ID_eFMI_TestCases_M04_DrivetrainTorqueControl_Controllers_Controller_struct_0" componentIdentifier="efmiData.M_desired"/>
                </DataReference>
                <DataReference>
                    <ForeignVariableReference manifestReferenceRefId="ALG_MAN_ID" foreignRefId="wRel"/>
                    <GlobalVariable variableRefId="VAR_ID_eFMI_TestCases_M04_DrivetrainTorqueControl_Controllers_Controller_struct_0" componentIdentifier="efmiData.wRel"/>
                </DataReference>
                <DataReference>
                    <ForeignVariableReference manifestReferenceRefId="ALG_MAN_ID" foreignRefId="M_motor"/>
                    <GlobalVariable variableRefId="VAR_ID_eFMI_TestCases_M04_DrivetrainTorqueControl_Controllers_Controller_struct_0" componentIdentifier="efmiData.M_motor"/>
                </DataReference>
                <DataReference>
                    <ForeignVariableReference manifestReferenceRefId="ALG_MAN_ID" foreignRefId="J_M"/>
                    <GlobalVariable variableRefId="VAR_ID_eFMI_TestCases_M04_DrivetrainTorqueControl_Controllers_Controller_struct_0" componentIdentifier="efmiData.J_M"/>
                </DataReference>
                <DataReference>
                    <ForeignVariableReference manifestReferenceRefId="ALG_MAN_ID" foreignRefId="Ni_PI"/>
                    <GlobalVariable variableRefId="VAR_ID_eFMI_TestCases_M04_DrivetrainTorqueControl_Controllers_Controller_struct_0" componentIdentifier="efmiData.Ni_PI"/>
                </DataReference>
                <DataReference>
                    <ForeignVariableReference manifestReferenceRefId="ALG_MAN_ID" foreignRefId="Ti_PI"/>
                    <GlobalVariable variableRefId="VAR_ID_eFMI_TestCases_M04_DrivetrainTorqueControl_Controllers_Controller_struct_0" componentIdentifier="efmiData.Ti_PI"/>
                </DataReference>
                <DataReference>
                    <ForeignVariableReference manifestReferenceRefId="ALG_MAN_ID" foreignRefId="c_res"/>
                    <GlobalVariable variableRefId="VAR_ID_eFMI_TestCases_M04_DrivetrainTorqueControl_Controllers_Controller_struct_0" componentIdentifier="efmiData.c_res"/>
                </DataReference>
                <DataReference>
                    <ForeignVariableReference manifestReferenceRefId="ALG_MAN_ID" foreignRefId="d_res"/>
                    <GlobalVariable variableRefId="VAR_ID_eFMI_TestCases_M04_DrivetrainTorqueControl_Controllers_Controller_struct_0" componentIdentifier="efmiData.d_res"/>
                </DataReference>
                <DataReference>
                    <ForeignVariableReference manifestReferenceRefId="ALG_MAN_ID" foreignRefId="f_cut"/>
                    <GlobalVariable variableRefId="VAR_ID_eFMI_TestCases_M04_DrivetrainTorqueControl_Controllers_Controller_struct_0" componentIdentifier="efmiData.f_cut"/>
                </DataReference>
                <DataReference>
                    <ForeignVariableReference manifestReferenceRefId="ALG_MAN_ID" foreignRefId="gearRatio"/>
                    <GlobalVariable variableRefId="VAR_ID_eFMI_TestCases_M04_DrivetrainTorqueControl_Controllers_Controller_struct_0" componentIdentifier="efmiData.gearRatio"/>
                </DataReference>
                <DataReference>
                    <ForeignVariableReference manifestReferenceRefId="ALG_MAN_ID" foreignRefId="k_PI"/>
                    <GlobalVariable variableRefId="VAR_ID_eFMI_TestCases_M04_DrivetrainTorqueControl_Controllers_Controller_struct_0" componentIdentifier="efmiData.k_PI"/>
                </DataReference>
                <DataReference>
                    <ForeignVariableReference manifestReferenceRefId="ALG_MAN_ID" foreignRefId="k_accCor"/>
                    <GlobalVariable variableRefId="VAR_ID_eFMI_TestCases_M04_DrivetrainTorqueControl_Controllers_Controller_struct_0" componentIdentifier="efmiData.k_accCor"/>
                </DataReference>
                <DataReference>
                    <ForeignVariableReference manifestReferenceRefId="ALG_MAN_ID" foreignRefId="tauM_max"/>
                    <GlobalVariable variableRefId="VAR_ID_eFMI_TestCases_M04_DrivetrainTorqueControl_Controllers_Controller_struct_0" componentIdentifier="efmiData.tauM_max"/>
                </DataReference>
                <DataReference>
                    <ForeignVariableReference manifestReferenceRefId="ALG_MAN_ID" foreignRefId="'PI.yMin'"/>
                    <GlobalVariable variableRefId="VAR_ID_eFMI_TestCases_M04_DrivetrainTorqueControl_Controllers_Controller_struct_0" componentIdentifier="efmiData.PI_yMin"/>
                </DataReference>
                <DataReference>
                    <ForeignVariableReference manifestReferenceRefId="ALG_MAN_ID" foreignRefId="'PI.I.k'"/>
                    <GlobalVariable variableRefId="VAR_ID_eFMI_TestCases_M04_DrivetrainTorqueControl_Controllers_Controller_struct_0" componentIdentifier="efmiData.PI_I_k"/>
                </DataReference>
                <DataReference>
                    <ForeignVariableReference manifestReferenceRefId="ALG_MAN_ID" foreignRefId="'PI.gainTrack.k'"/>
                    <GlobalVariable variableRefId="VAR_ID_eFMI_TestCases_M04_DrivetrainTorqueControl_Controllers_Controller_struct_0" componentIdentifier="efmiData.PI_gainTrack_k"/>
                </DataReference>
                <DataReference>
                    <ForeignVariableReference manifestReferenceRefId="ALG_MAN_ID" foreignRefId="'approxPlant.driveline.J_M'"/>
                    <GlobalVariable variableRefId="VAR_ID_eFMI_TestCases_M04_DrivetrainTorqueControl_Controllers_Controller_struct_0" componentIdentifier="efmiData.approxPlant_driveline_J_M"/>
                </DataReference>
                <DataReference>
                    <ForeignVariableReference manifestReferenceRefId="ALG_MAN_ID" foreignRefId="'filter.alpha'"/>
                    <GlobalVariable variableRefId="VAR_ID_eFMI_TestCases_M04_DrivetrainTorqueControl_Controllers_Controller_struct_0" componentIdentifier="efmiData.filter_alpha"/>
                </DataReference>
                <DataReference>
                    <ForeignVariableReference manifestReferenceRefId="ALG_MAN_ID" foreignRefId="'filter.w'"/>
                    <GlobalVariable variableRefId="VAR_ID_eFMI_TestCases_M04_DrivetrainTorqueControl_Controllers_Controller_struct_0" componentIdentifier="efmiData.filter_w"/>
                </DataReference>
                <DataReference>
                    <ForeignVariableReference manifestReferenceRefId="ALG_MAN_ID" foreignRefId="'gear1.k'"/>
                    <GlobalVariable variableRefId="VAR_ID_eFMI_TestCases_M04_DrivetrainTorqueControl_Controllers_Controller_struct_0" componentIdentifier="efmiData.gear1_k"/>
                </DataReference>
                <DataReference>
                    <ForeignVariableReference manifestReferenceRefId="ALG_MAN_ID" foreignRefId="'PI.wp'"/>
                    <GlobalVariable variableRefId="VAR_ID_eFMI_TestCases_M04_DrivetrainTorqueControl_Controllers_Controller_struct_0" componentIdentifier="efmiData.PI_wp"/>
                </DataReference>
                <DataReference>
                    <ForeignVariableReference manifestReferenceRefId="ALG_MAN_ID" foreignRefId="'PI.xi_start'"/>
                    <GlobalVariable variableRefId="VAR_ID_eFMI_TestCases_M04_DrivetrainTorqueControl_Controllers_Controller_struct_0" componentIdentifier="efmiData.PI_xi_start"/>
                </DataReference>
                <DataReference>
                    <ForeignVariableReference manifestReferenceRefId="ALG_MAN_ID" foreignRefId="'PI.P.k'"/>
                    <GlobalVariable variableRefId="VAR_ID_eFMI_TestCases_M04_DrivetrainTorqueControl_Controllers_Controller_struct_0" componentIdentifier="efmiData.PI_P_k"/>
                </DataReference>
                <DataReference>
                    <ForeignVariableReference manifestReferenceRefId="ALG_MAN_ID" foreignRefId="'PI.addI.k1'"/>
                    <GlobalVariable variableRefId="VAR_ID_eFMI_TestCases_M04_DrivetrainTorqueControl_Controllers_Controller_struct_0" componentIdentifier="efmiData.PI_addI_k1"/>
                </DataReference>
                <DataReference>
                    <ForeignVariableReference manifestReferenceRefId="ALG_MAN_ID" foreignRefId="'PI.addI.k2'"/>
                    <GlobalVariable variableRefId="VAR_ID_eFMI_TestCases_M04_DrivetrainTorqueControl_Controllers_Controller_struct_0" componentIdentifier="efmiData.PI_addI_k2"/>
                </DataReference>
                <DataReference>
                    <ForeignVariableReference manifestReferenceRefId="ALG_MAN_ID" foreignRefId="'PI.addI.k3'"/>
                    <GlobalVariable variableRefId="VAR_ID_eFMI_TestCases_M04_DrivetrainTorqueControl_Controllers_Controller_struct_0" componentIdentifier="efmiData.PI_addI_k3"/>
                </DataReference>
                <DataReference>
                    <ForeignVariableReference manifestReferenceRefId="ALG_MAN_ID" foreignRefId="'PI.addP.k2'"/>
                    <GlobalVariable variableRefId="VAR_ID_eFMI_TestCases_M04_DrivetrainTorqueControl_Controllers_Controller_struct_0" componentIdentifier="efmiData.PI_addP_k2"/>
                </DataReference>
                <DataReference>
                    <ForeignVariableReference manifestReferenceRefId="ALG_MAN_ID" foreignRefId="'PI.addPI.k1'"/>
                    <GlobalVariable variableRefId="VAR_ID_eFMI_TestCases_M04_DrivetrainTorqueControl_Controllers_Controller_struct_0" componentIdentifier="efmiData.PI_addPI_k1"/>
                </DataReference>
                <DataReference>
                    <ForeignVariableReference manifestReferenceRefId="ALG_MAN_ID" foreignRefId="'PI.addPI.k2'"/>
                    <GlobalVariable variableRefId="VAR_ID_eFMI_TestCases_M04_DrivetrainTorqueControl_Controllers_Controller_struct_0" componentIdentifier="efmiData.PI_addPI_k2"/>
                </DataReference>
                <DataReference>
                    <ForeignVariableReference manifestReferenceRefId="ALG_MAN_ID" foreignRefId="'PI.addSat.k1'"/>
                    <GlobalVariable variableRefId="VAR_ID_eFMI_TestCases_M04_DrivetrainTorqueControl_Controllers_Controller_struct_0" componentIdentifier="efmiData.PI_addSat_k1"/>
                </DataReference>
                <DataReference>
                    <ForeignVariableReference manifestReferenceRefId="ALG_MAN_ID" foreignRefId="'PI.addSat.k2'"/>
                    <GlobalVariable variableRefId="VAR_ID_eFMI_TestCases_M04_DrivetrainTorqueControl_Controllers_Controller_struct_0" componentIdentifier="efmiData.PI_addSat_k2"/>
                </DataReference>
                <DataReference>
                    <ForeignVariableReference manifestReferenceRefId="ALG_MAN_ID" foreignRefId="'PI.add_ff.k1'"/>
                    <GlobalVariable variableRefId="VAR_ID_eFMI_TestCases_M04_DrivetrainTorqueControl_Controllers_Controller_struct_0" componentIdentifier="efmiData.PI_add_ff_k1"/>
                </DataReference>
                <DataReference>
                    <ForeignVariableReference manifestReferenceRefId="ALG_MAN_ID" foreignRefId="'PI.add_ff.k2'"/>
                    <GlobalVariable variableRefId="VAR_ID_eFMI_TestCases_M04_DrivetrainTorqueControl_Controllers_Controller_struct_0" componentIdentifier="efmiData.PI_add_ff_k2"/>
                </DataReference>
                <DataReference>
                    <ForeignVariableReference manifestReferenceRefId="ALG_MAN_ID" foreignRefId="'approxPlant.driveline.Gear.phi_rel0'"/>
                    <GlobalVariable variableRefId="VAR_ID_eFMI_TestCases_M04_DrivetrainTorqueControl_Controllers_Controller_struct_0" componentIdentifier="efmiData.approxPlant_driveline_Gear_phi_rel0"/>
                </DataReference>
                <DataReference>
                    <ForeignVariableReference manifestReferenceRefId="ALG_MAN_ID" foreignRefId="'filter.normalized'"/>
                    <GlobalVariable variableRefId="VAR_ID_eFMI_TestCases_M04_DrivetrainTorqueControl_Controllers_Controller_struct_0" componentIdentifier="efmiData.filter_normalized"/>
                </DataReference>
                <DataReference>
                    <ForeignVariableReference manifestReferenceRefId="ALG_MAN_ID" foreignRefId="'filter.x_start[1]'"/>
                    <GlobalVariable variableRefId="VAR_ID_eFMI_TestCases_M04_DrivetrainTorqueControl_Controllers_Controller_struct_0" componentIdentifier="efmiData.filter_x_start_1"/>
                </DataReference>
                <DataReference>
                    <ForeignVariableReference manifestReferenceRefId="ALG_MAN_ID" foreignRefId="'filter.x_start[2]'"/>
                    <GlobalVariable variableRefId="VAR_ID_eFMI_TestCases_M04_DrivetrainTorqueControl_Controllers_Controller_struct_0" componentIdentifier="efmiData.filter_x_start_2"/>
                </DataReference>
                <DataReference>
                    <ForeignVariableReference manifestReferenceRefId="ALG_MAN_ID" foreignRefId="'discrete.stepSize'"/>
                    <GlobalVariable variableRefId="VAR_ID_eFMI_TestCases_M04_DrivetrainTorqueControl_Controllers_Controller_struct_0" componentIdentifier="efmiData.discrete_stepSize"/>
                </DataReference>
                <DataReference>
                    <ForeignVariableReference manifestReferenceRefId="ALG_MAN_ID" foreignRefId="'PI.y'"/>
                    <GlobalVariable variableRefId="VAR_ID_eFMI_TestCases_M04_DrivetrainTorqueControl_Controllers_Controller_struct_0" componentIdentifier="efmiData.PI_y"/>
                </DataReference>
                <DataReference>
                    <ForeignVariableReference manifestReferenceRefId="ALG_MAN_ID" foreignRefId="'derivative(PI.I.y)'"/>
                    <GlobalVariable variableRefId="VAR_ID_eFMI_TestCases_M04_DrivetrainTorqueControl_Controllers_Controller_struct_0" componentIdentifier="efmiData.der_PI_I_y"/>
                </DataReference>
                <DataReference>
                    <ForeignVariableReference manifestReferenceRefId="ALG_MAN_ID" foreignRefId="'PI.I.u'"/>
                    <GlobalVariable variableRefId="VAR_ID_eFMI_TestCases_M04_DrivetrainTorqueControl_Controllers_Controller_struct_0" componentIdentifier="efmiData.PI_I_u"/>
                </DataReference>
                <DataReference>
                    <ForeignVariableReference manifestReferenceRefId="ALG_MAN_ID" foreignRefId="'PI.I.y'"/>
                    <GlobalVariable variableRefId="VAR_ID_eFMI_TestCases_M04_DrivetrainTorqueControl_Controllers_Controller_struct_0" componentIdentifier="efmiData.PI_I_y"/>
                </DataReference>
                <DataReference>
                    <ForeignVariableReference manifestReferenceRefId="ALG_MAN_ID" foreignRefId="'PI.P.y'"/>
                    <GlobalVariable variableRefId="VAR_ID_eFMI_TestCases_M04_DrivetrainTorqueControl_Controllers_Controller_struct_0" componentIdentifier="efmiData.PI_P_y"/>
                </DataReference>
                <DataReference>
                    <ForeignVariableReference manifestReferenceRefId="ALG_MAN_ID" foreignRefId="'PI.addI.u3'"/>
                    <GlobalVariable variableRefId="VAR_ID_eFMI_TestCases_M04_DrivetrainTorqueControl_Controllers_Controller_struct_0" componentIdentifier="efmiData.PI_addI_u3"/>
                </DataReference>
                <DataReference>
                    <ForeignVariableReference manifestReferenceRefId="ALG_MAN_ID" foreignRefId="'PI.addP.y'"/>
                    <GlobalVariable variableRefId="VAR_ID_eFMI_TestCases_M04_DrivetrainTorqueControl_Controllers_Controller_struct_0" componentIdentifier="efmiData.PI_addP_y"/>
                </DataReference>
                <DataReference>
                    <ForeignVariableReference manifestReferenceRefId="ALG_MAN_ID" foreignRefId="'PI.addSat.y'"/>
                    <GlobalVariable variableRefId="VAR_ID_eFMI_TestCases_M04_DrivetrainTorqueControl_Controllers_Controller_struct_0" componentIdentifier="efmiData.PI_addSat_y"/>
                </DataReference>
                <DataReference>
                    <ForeignVariableReference manifestReferenceRefId="ALG_MAN_ID" foreignRefId="'PI.gainPI.u'"/>
                    <GlobalVariable variableRefId="VAR_ID_eFMI_TestCases_M04_DrivetrainTorqueControl_Controllers_Controller_struct_0" componentIdentifier="efmiData.PI_gainPI_u"/>
                </DataReference>
                <DataReference>
                    <ForeignVariableReference manifestReferenceRefId="ALG_MAN_ID" foreignRefId="'PI.gainPI.y'"/>
                    <GlobalVariable variableRefId="VAR_ID_eFMI_TestCases_M04_DrivetrainTorqueControl_Controllers_Controller_struct_0" componentIdentifier="efmiData.PI_gainPI_y"/>
                </DataReference>
                <DataReference>
                    <ForeignVariableReference manifestReferenceRefId="ALG_MAN_ID" foreignRefId="'PI.limiter.u'"/>
                    <GlobalVariable variableRefId="VAR_ID_eFMI_TestCases_M04_DrivetrainTorqueControl_Controllers_Controller_struct_0" componentIdentifier="efmiData.PI_limiter_u"/>
                </DataReference>
                <DataReference>
                    <ForeignVariableReference manifestReferenceRefId="ALG_MAN_ID" foreignRefId="'derivative(approxPlant.driveline.Gear.phi_rel)'"/>
                    <GlobalVariable variableRefId="VAR_ID_eFMI_TestCases_M04_DrivetrainTorqueControl_Controllers_Controller_struct_0" componentIdentifier="efmiData.der_approxPlant_driveline_Gear_phi_rel"/>
                </DataReference>
                <DataReference>
                    <ForeignVariableReference manifestReferenceRefId="ALG_MAN_ID" foreignRefId="'derivative(approxPlant.driveline.Gear.tau_c)'"/>
                    <GlobalVariable variableRefId="VAR_ID_eFMI_TestCases_M04_DrivetrainTorqueControl_Controllers_Controller_struct_0" componentIdentifier="efmiData.der_approxPlant_driveline_Gear_tau_c"/>
                </DataReference>
                <DataReference>
                    <ForeignVariableReference manifestReferenceRefId="ALG_MAN_ID" foreignRefId="'derivative(approxPlant.driveline.Gear.tau_d)'"/>
                    <GlobalVariable variableRefId="VAR_ID_eFMI_TestCases_M04_DrivetrainTorqueControl_Controllers_Controller_struct_0" componentIdentifier="efmiData.der_approxPlant_driveline_Gear_tau_d"/>
                </DataReference>
                <DataReference>
                    <ForeignVariableReference manifestReferenceRefId="ALG_MAN_ID" foreignRefId="'derivative(approxPlant.driveline.Gear.w_rel)'"/>
                    <GlobalVariable variableRefId="VAR_ID_eFMI_TestCases_M04_DrivetrainTorqueControl_Controllers_Controller_struct_0" componentIdentifier="efmiData.der_approxPlant_driveline_Gear_w_rel"/>
                </DataReference>
                <DataReference>
                    <ForeignVariableReference manifestReferenceRefId="ALG_MAN_ID" foreignRefId="'approxPlant.driveline.Gear.phi_rel'"/>
                    <GlobalVariable variableRefId="VAR_ID_eFMI_TestCases_M04_DrivetrainTorqueControl_Controllers_Controller_struct_0" componentIdentifier="efmiData.approxPlant_driveline_Gear_phi_rel"/>
                </DataReference>
                <DataReference>
                    <ForeignVariableReference manifestReferenceRefId="ALG_MAN_ID" foreignRefId="'approxPlant.driveline.Gear.tau_c'"/>
                    <GlobalVariable variableRefId="VAR_ID_eFMI_TestCases_M04_DrivetrainTorqueControl_Controllers_Controller_struct_0" componentIdentifier="efmiData.approxPlant_driveline_Gear_tau_c"/>
                </DataReference>
                <DataReference>
                    <ForeignVariableReference manifestReferenceRefId="ALG_MAN_ID" foreignRefId="'approxPlant.driveline.Gear.tau_d'"/>
                    <GlobalVariable variableRefId="VAR_ID_eFMI_TestCases_M04_DrivetrainTorqueControl_Controllers_Controller_struct_0" componentIdentifier="efmiData.approxPlant_driveline_Gear_tau_d"/>
                </DataReference>
                <DataReference>
                    <ForeignVariableReference manifestReferenceRefId="ALG_MAN_ID" foreignRefId="'derivative(approxPlant.driveline.flange_b.tau)'"/>
                    <GlobalVariable variableRefId="VAR_ID_eFMI_TestCases_M04_DrivetrainTorqueControl_Controllers_Controller_struct_0" componentIdentifier="efmiData.der_approxPlant_driveline_flange_b_tau"/>
                </DataReference>
                <DataReference>
                    <ForeignVariableReference manifestReferenceRefId="ALG_MAN_ID" foreignRefId="'approxPlant.driveline.flange_b.tau'"/>
                    <GlobalVariable variableRefId="VAR_ID_eFMI_TestCases_M04_DrivetrainTorqueControl_Controllers_Controller_struct_0" componentIdentifier="efmiData.approxPlant_driveline_flange_b_tau"/>
                </DataReference>
                <DataReference>
                    <ForeignVariableReference manifestReferenceRefId="ALG_MAN_ID" foreignRefId="'derivative(approxPlant.driveline.inertiaDrivelineIn.w)'"/>
                    <GlobalVariable variableRefId="VAR_ID_eFMI_TestCases_M04_DrivetrainTorqueControl_Controllers_Controller_struct_0" componentIdentifier="efmiData.der_approxPlant_driveline_inertiaDrivelineIn_w"/>
                </DataReference>
                <DataReference>
                    <ForeignVariableReference manifestReferenceRefId="ALG_MAN_ID" foreignRefId="'approxPlant.driveline.inertiaDrivelineIn.flange_b.tau'"/>
                    <GlobalVariable variableRefId="VAR_ID_eFMI_TestCases_M04_DrivetrainTorqueControl_Controllers_Controller_struct_0" componentIdentifier="efmiData.approxPlant_driveline_inertiaDrivelineIn_flange_b_tau"/>
                </DataReference>
                <DataReference>
                    <ForeignVariableReference manifestReferenceRefId="ALG_MAN_ID" foreignRefId="'derivative(approxPlant.torqueDist.flange.tau)'"/>
                    <GlobalVariable variableRefId="VAR_ID_eFMI_TestCases_M04_DrivetrainTorqueControl_Controllers_Controller_struct_0" componentIdentifier="efmiData.der_approxPlant_torqueDist_flange_tau"/>
                </DataReference>
                <DataReference>
                    <ForeignVariableReference manifestReferenceRefId="ALG_MAN_ID" foreignRefId="'approxPlant.torqueDist.flange.tau'"/>
                    <GlobalVariable variableRefId="VAR_ID_eFMI_TestCases_M04_DrivetrainTorqueControl_Controllers_Controller_struct_0" componentIdentifier="efmiData.approxPlant_torqueDist_flange_tau"/>
                </DataReference>
                <DataReference>
                    <ForeignVariableReference manifestReferenceRefId="ALG_MAN_ID" foreignRefId="'derivative(filter.x[1])'"/>
                    <GlobalVariable variableRefId="VAR_ID_eFMI_TestCases_M04_DrivetrainTorqueControl_Controllers_Controller_struct_0" componentIdentifier="efmiData.der_filter_x_1"/>
                </DataReference>
                <DataReference>
                    <ForeignVariableReference manifestReferenceRefId="ALG_MAN_ID" foreignRefId="'derivative(filter.x[2])'"/>
                    <GlobalVariable variableRefId="VAR_ID_eFMI_TestCases_M04_DrivetrainTorqueControl_Controllers_Controller_struct_0" componentIdentifier="efmiData.der_filter_x_2"/>
                </DataReference>
                <DataReference>
                    <ForeignVariableReference manifestReferenceRefId="ALG_MAN_ID" foreignRefId="'filter.x[1]'"/>
                    <GlobalVariable variableRefId="VAR_ID_eFMI_TestCases_M04_DrivetrainTorqueControl_Controllers_Controller_struct_0" componentIdentifier="efmiData.filter_x_1"/>
                </DataReference>
                <DataReference>
                    <ForeignVariableReference manifestReferenceRefId="ALG_MAN_ID" foreignRefId="'filter.x[2]'"/>
                    <GlobalVariable variableRefId="VAR_ID_eFMI_TestCases_M04_DrivetrainTorqueControl_Controllers_Controller_struct_0" componentIdentifier="efmiData.filter_x_2"/>
                </DataReference>
                <DataReference>
                    <ForeignVariableReference manifestReferenceRefId="ALG_MAN_ID" foreignRefId="'gear.u'"/>
                    <GlobalVariable variableRefId="VAR_ID_eFMI_TestCases_M04_DrivetrainTorqueControl_Controllers_Controller_struct_0" componentIdentifier="efmiData.gear_u"/>
                </DataReference>
                <DataReference>
                    <ForeignVariableReference manifestReferenceRefId="ALG_MAN_ID" foreignRefId="'gear.y'"/>
                    <GlobalVariable variableRefId="VAR_ID_eFMI_TestCases_M04_DrivetrainTorqueControl_Controllers_Controller_struct_0" componentIdentifier="efmiData.gear_y"/>
                </DataReference>
            </DataReferences>
            <FunctionReferences>
                <FunctionReference>
                    <ForeignFunctionReference manifestReferenceRefId="ALG_MAN_ID" foreignRefId="Startup()"/>
                    <GlobalFunction functionRefId="FNC_ID_efmiInitialize_0"/>
                </FunctionReference>
                <FunctionReference>
                    <ForeignFunctionReference manifestReferenceRefId="ALG_MAN_ID" foreignRefId="DoStep()"/>
                    <GlobalFunction functionRefId="FNC_ID_efmiDoStep_1"/>
                </FunctionReference>
                <FunctionReference>
                    <ForeignFunctionReference manifestReferenceRefId="ALG_MAN_ID" foreignRefId="Recalibrate()"/>
                    <GlobalFunction functionRefId="FNC_ID_efmiReInitialize_2"/>
                </FunctionReference>
            </FunctionReferences>
        </LogicalData>
    </CodeContainer>
</Manifest>
