﻿<?xml version="1.0" encoding="utf-8"?>
<Manifest efmiVersion="1.0.0" xsdVersion="0.16.0" id="{38b0bc2e-6481-4349-bad4-2ba3d5b43f4c}" kind="ProductionCode" name="AlgoCodeToTargetLink" generationDateAndTime="2021-03-08T11:05:20.5001322+01:00" generationTool="eFMUProdCodeManifestCreator version 2.2.0.0 / schema version 0.16.0" xmlns:xsi="http://www.w3.org/2001/XMLSchema-instance" xsi:noNamespaceSchemaLocation="../schemas/ProductionCode/efmiProductionCodeManifest.xsd">
  <ManifestReferences>
    <ManifestReference id="ID_MNFST_1" manifestRefId="{4585651c-9211-49f2-8f20-6c3ebe08e650}" checksum="bb1fcaa777c0a6ab4dd9fc6fa409798ace78f031" origin="true" />
  </ManifestReferences>
  <Files>
    <File id="ID_FILE_tl_basetypes.h_1" name="tl_basetypes.h" path="./TLProj/MDL_root/" needsChecksum="true" checksum="6cae5fde8252fbdf4f847a71be77f6bc53ef88ae" role="Code" />
    <File id="ID_FILE_udt_a.h_2" name="udt_a.h" path="./TLProj/MDL_root/" needsChecksum="true" checksum="0c071082cefa88db1cb4fa2511b94afe281d9fa4" role="Code" />
    <File id="ID_FILE_tl_userblock.h_3" name="tl_userblock.h" path="./TLProj/MDL_root/" needsChecksum="true" checksum="065946efd63ce46c09b1349976b64da91edb44ca" role="Code" />
    <File id="ID_FILE_tl_userblock.c_4" name="tl_userblock.c" path="./TLProj/MDL_root/" needsChecksum="true" checksum="cff46ae8fcca3e6dc510e9ab59de311ed790ff50" role="Code" />
    <File id="ID_FILE_TL_error_signals.h_5" name="TL_error_signals.h" path="./builtin_functions/" needsChecksum="true" checksum="963ceab43b262c7bb7edab506cdeae369adab848" role="Code" />
    <File id="ID_FILE_TL_error_signals.c_6" name="TL_error_signals.c" path="./builtin_functions/" needsChecksum="true" checksum="d4ebac2cc53f370ff50a3502b7f1d70be5229f8a" role="Code" />
    <File id="ID_FILE_TL_saturation.h_7" name="TL_saturation.h" path="./builtin_functions/" needsChecksum="true" checksum="1f7a6a1f60892ba75872b1e0ef989145a7eb8270" role="Code" />
    <File id="ID_FILE_TL_standard_mathematics.h_8" name="TL_standard_mathematics.h" path="./builtin_functions/" needsChecksum="true" checksum="1877f1b327d2131e81c0d6beb5bed9c46cd00c50" role="Code" />
    <File id="ID_FILE_TL_float_precision.h_10" name="TL_float_precision.h" path="./builtin_functions/" needsChecksum="true" checksum="6188fe4cf59fc429d0894e061fd423b14710a193" role="Code" />
    <File id="ID_FILE_TL_primitive_types.h_11" name="TL_primitive_types.h" path="./builtin_functions/" needsChecksum="true" checksum="c067b658f4842ea07426d2bbc14ed3a834dbd4d7" role="Code" />
  </Files>
  <CodeContainer language="C" standard="C99" platform="Legacy" floatPrecision="64-bit">
    <Target>Generic</Target>
    <CompilerOptions compileRoot="./TLProj/MDL_root">
      <PreprocessorDefinition index="1" id="ID_COMP_OPTION_1" name="TL_FRAME" value="0" />
      <AdditionalIncludeDirectory index="2" id="ID_COMP_OPTION_2" name="./" description="Root of model representation for include paths to builtin_functions" />
    </CompilerOptions>
    <TargetTypes>
      <TargetType id="ID_TGT_Int8_1" kind="efmiInteger8" codedType="uint64_t" />
      <TargetType id="ID_TGT_UInt8_2" kind="efmiUnsignedInteger8" codedType="uint64_t" />
      <TargetType id="ID_TGT_Int16_3" kind="efmiInteger16" codedType="uint64_t" />
      <TargetType id="ID_TGT_UInt16_4" kind="efmiUnsignedInteger16" codedType="uint64_t" />
      <TargetType id="ID_TGT_Int32_5" kind="efmiInteger32" codedType="uint64_t" />
      <TargetType id="ID_TGT_UInt32_6" kind="efmiUnsignedInteger32" codedType="uint64_t" />
      <TargetType id="ID_TGT_Int64_7" kind="efmiInteger64" codedType="uint64_t" />
      <TargetType id="ID_TGT_UInt64_8" kind="efmiUnsignedInteger64" codedType="uint64_t" />
      <TargetType id="ID_TGT_Float32_9" kind="efmiFloat32" codedType="float" />
      <TargetType id="ID_TGT_Float64_10" kind="efmiFloat64" codedType="double" />
      <TargetType id="ID_TGT_Void_11" kind="efmiVoid" codedType="void" />
      <TargetType id="ID_TGT_Bool_12" kind="efmiBool" codedType="_Bool" />
    </TargetTypes>
    <CodeFiles>
      <CodeFile id="ID_CODEFILE_tl_basetypes.h_1" fileType="ProductionCode" codeType="HeaderFile">
        <FileReference fileRefId="ID_FILE_tl_basetypes.h_1" />
        <Typedefs>
          <Typedef id="ID_TYPE_VOID_1" name="Void">
            <Alias targetTypeRefId="ID_TGT_Void_11" />
          </Typedef>
          <Typedef name="Bool" id="ID_TYPE_TGT_Bool_1">
            <Alias targetTypeRefId="ID_TGT_Bool_12" />
          </Typedef>
          <Typedef name="Float32" id="ID_TYPE_TGT_Float32_2">
            <Alias targetTypeRefId="ID_TGT_Float32_9" />
          </Typedef>
          <Typedef name="Float64" id="ID_TYPE_TGT_Float64_3">
            <Alias targetTypeRefId="ID_TGT_Float64_10" />
          </Typedef>
          <Typedef name="Int16" id="ID_TYPE_TGT_Int16_4">
            <Alias targetTypeRefId="ID_TGT_Int16_3" />
          </Typedef>
          <Typedef name="Int32" id="ID_TYPE_TGT_Int32_5">
            <Alias targetTypeRefId="ID_TGT_Int32_5" />
          </Typedef>
          <Typedef name="Int64" id="ID_TYPE_TGT_Int64_6">
            <Alias targetTypeRefId="ID_TGT_Int64_7" />
          </Typedef>
          <Typedef name="Int8" id="ID_TYPE_TGT_Int8_7">
            <Alias targetTypeRefId="ID_TGT_Int8_1" />
          </Typedef>
          <Typedef name="UInt16" id="ID_TYPE_TGT_UInt16_8">
            <Alias targetTypeRefId="ID_TGT_UInt16_4" />
          </Typedef>
          <Typedef name="UInt32" id="ID_TYPE_TGT_UInt32_9">
            <Alias targetTypeRefId="ID_TGT_UInt32_6" />
          </Typedef>
          <Typedef name="UInt64" id="ID_TYPE_TGT_UInt64_10">
            <Alias targetTypeRefId="ID_TGT_UInt64_8" />
          </Typedef>
          <Typedef name="UInt8" id="ID_TYPE_TGT_UInt8_11">
            <Alias targetTypeRefId="ID_TGT_UInt8_2" />
          </Typedef>
        </Typedefs>
        <Macros />
      </CodeFile>
      <CodeFile id="ID_CODEFILE_udt_a.h_2" fileType="ProductionCode" codeType="HeaderFile">
        <FileReference fileRefId="ID_FILE_udt_a.h_2" />
        <Includes>
          <Include codeFileRefId="ID_CODEFILE_tl_basetypes.h_1" />
        </Includes>
        <Typedefs>
          <Typedef name="Real" id="ID_TYPE_Real_1">
            <Alias targetTypeRefId="ID_TGT_Float64_10" typeDefRefId="ID_TYPE_TGT_Float64_3" />
          </Typedef>
          <Typedef name="EFMU_dependentParameter_t" id="ID_TYPE_EFMU_dependentParameter_t_2">
            <Components>
              <Component id="ID_COMP_C_PI__yMin__1" name="C_PI__yMin_" typeDefRefId="ID_TYPE_Real_1" pointer="false" />
              <Component id="ID_COMP_C_PI__I__k__2" name="C_PI__I__k_" typeDefRefId="ID_TYPE_Real_1" pointer="false" />
              <Component id="ID_COMP_C_PI__gainTrack__k__3" name="C_PI__gainTrack__k_" typeDefRefId="ID_TYPE_Real_1" pointer="false" />
              <Component id="ID_COMP_C_approxPlant__driveline__J_M__4" name="C_approxPlant__driveline__J_M_" typeDefRefId="ID_TYPE_Real_1" pointer="false" />
              <Component id="ID_COMP_C_filter__w__5" name="C_filter__w_" typeDefRefId="ID_TYPE_Real_1" pointer="false" />
              <Component id="ID_COMP_C_gear1__k__6" name="C_gear1__k_" typeDefRefId="ID_TYPE_Real_1" pointer="false" />
            </Components>
          </Typedef>
          <Typedef name="EFMU_input_t" id="ID_TYPE_EFMU_input_t_3">
            <Components>
              <Component id="ID_COMP_M_desired_7" name="M_desired" typeDefRefId="ID_TYPE_Real_1" pointer="false" />
              <Component id="ID_COMP_wRel_8" name="wRel" typeDefRefId="ID_TYPE_Real_1" pointer="false" />
            </Components>
          </Typedef>
          <Typedef name="EFMU_output_t" id="ID_TYPE_EFMU_output_t_4">
            <Components>
              <Component id="ID_COMP_M_motor_9" name="M_motor" typeDefRefId="ID_TYPE_Real_1" pointer="false" />
            </Components>
          </Typedef>
          <Typedef name="EFMU_state_t" id="ID_TYPE_EFMU_state_t_5">
            <Components>
              <Component id="ID_COMP_C_PI__y__10" name="C_PI__y_" typeDefRefId="ID_TYPE_Real_1" pointer="false" />
              <Component id="ID_COMP_C_derivative_PI__I__y___11" name="C_derivative_PI__I__y__" typeDefRefId="ID_TYPE_Real_1" pointer="false" />
              <Component id="ID_COMP_C_PI__I__u__12" name="C_PI__I__u_" typeDefRefId="ID_TYPE_Real_1" pointer="false" />
              <Component id="ID_COMP_C_PI__I__y__13" name="C_PI__I__y_" typeDefRefId="ID_TYPE_Real_1" pointer="false" />
              <Component id="ID_COMP_C_PI__P__y__14" name="C_PI__P__y_" typeDefRefId="ID_TYPE_Real_1" pointer="false" />
              <Component id="ID_COMP_C_PI__addI__u3__15" name="C_PI__addI__u3_" typeDefRefId="ID_TYPE_Real_1" pointer="false" />
              <Component id="ID_COMP_C_PI__addP__y__16" name="C_PI__addP__y_" typeDefRefId="ID_TYPE_Real_1" pointer="false" />
              <Component id="ID_COMP_C_PI__addSat__y__17" name="C_PI__addSat__y_" typeDefRefId="ID_TYPE_Real_1" pointer="false" />
              <Component id="ID_COMP_C_PI__gainPI__u__18" name="C_PI__gainPI__u_" typeDefRefId="ID_TYPE_Real_1" pointer="false" />
              <Component id="ID_COMP_C_PI__gainPI__y__19" name="C_PI__gainPI__y_" typeDefRefId="ID_TYPE_Real_1" pointer="false" />
              <Component id="ID_COMP_C_PI__limiter__u__20" name="C_PI__limiter__u_" typeDefRefId="ID_TYPE_Real_1" pointer="false" />
              <Component id="ID_COMP_C_derivative_a__Gear__phi_rel___21" name="C_derivative_a__Gear__phi_rel__" typeDefRefId="ID_TYPE_Real_1" pointer="false" />
              <Component id="ID_COMP_C_derivative_a____Gear__tau_c___22" name="C_derivative_a____Gear__tau_c__" typeDefRefId="ID_TYPE_Real_1" pointer="false" />
              <Component id="ID_COMP_C_derivative_a____Gear__tau_d___23" name="C_derivative_a____Gear__tau_d__" typeDefRefId="ID_TYPE_Real_1" pointer="false" />
              <Component id="ID_COMP_C_derivative_a____Gear__w_rel___24" name="C_derivative_a____Gear__w_rel__" typeDefRefId="ID_TYPE_Real_1" pointer="false" />
              <Component id="ID_COMP_C_approxPlant____Gear__phi_rel__25" name="C_approxPlant____Gear__phi_rel_" typeDefRefId="ID_TYPE_Real_1" pointer="false" />
              <Component id="ID_COMP_C_approxPlant___e__Gear__tau_c__26" name="C_approxPlant___e__Gear__tau_c_" typeDefRefId="ID_TYPE_Real_1" pointer="false" />
              <Component id="ID_COMP_C_approxPlant___e__Gear__tau_d__27" name="C_approxPlant___e__Gear__tau_d_" typeDefRefId="ID_TYPE_Real_1" pointer="false" />
              <Component id="ID_COMP_C_derivative_a__flange_b__tau___28" name="C_derivative_a__flange_b__tau__" typeDefRefId="ID_TYPE_Real_1" pointer="false" />
              <Component id="ID_COMP_C_approxPlant____flange_b__tau__29" name="C_approxPlant____flange_b__tau_" typeDefRefId="ID_TYPE_Real_1" pointer="false" />
              <Component id="ID_COMP_C_derivative_a__rivelineIn__w___30" name="C_derivative_a__rivelineIn__w__" typeDefRefId="ID_TYPE_Real_1" pointer="false" />
              <Component id="ID_COMP_C_approxPlant___flange_b__tau_0_31" name="C_approxPlant___flange_b__tau_0" typeDefRefId="ID_TYPE_Real_1" pointer="false" />
              <Component id="ID_COMP_C_derivative_a____flange__tau___32" name="C_derivative_a____flange__tau__" typeDefRefId="ID_TYPE_Real_1" pointer="false" />
              <Component id="ID_COMP_C_approxPlant___t__flange__tau__33" name="C_approxPlant___t__flange__tau_" typeDefRefId="ID_TYPE_Real_1" pointer="false" />
              <Component id="ID_COMP_C_derivative_filter__x_1____34" name="C_derivative_filter__x_1___" typeDefRefId="ID_TYPE_Real_1" pointer="false" />
              <Component id="ID_COMP_C_derivative_filter__x_2____35" name="C_derivative_filter__x_2___" typeDefRefId="ID_TYPE_Real_1" pointer="false" />
              <Component id="ID_COMP_C_filter__x_1___36" name="C_filter__x_1__" typeDefRefId="ID_TYPE_Real_1" pointer="false" />
              <Component id="ID_COMP_C_filter__x_2___37" name="C_filter__x_2__" typeDefRefId="ID_TYPE_Real_1" pointer="false" />
              <Component id="ID_COMP_C_gear__u__38" name="C_gear__u_" typeDefRefId="ID_TYPE_Real_1" pointer="false" />
              <Component id="ID_COMP_C_gear__y__39" name="C_gear__y_" typeDefRefId="ID_TYPE_Real_1" pointer="false" />
            </Components>
          </Typedef>
          <Typedef name="EFMU_tunableParameter_t" id="ID_TYPE_EFMU_tunableParameter_t_6">
            <Components>
              <Component id="ID_COMP_J_M_40" name="J_M" typeDefRefId="ID_TYPE_Real_1" pointer="false" />
              <Component id="ID_COMP_Ni_PI_41" name="Ni_PI" typeDefRefId="ID_TYPE_Real_1" pointer="false" />
              <Component id="ID_COMP_Ti_PI_42" name="Ti_PI" typeDefRefId="ID_TYPE_Real_1" pointer="false" />
              <Component id="ID_COMP_c_res_43" name="c_res" typeDefRefId="ID_TYPE_Real_1" pointer="false" />
              <Component id="ID_COMP_d_res_44" name="d_res" typeDefRefId="ID_TYPE_Real_1" pointer="false" />
              <Component id="ID_COMP_f_cut_45" name="f_cut" typeDefRefId="ID_TYPE_Real_1" pointer="false" />
              <Component id="ID_COMP_gearRatio_46" name="gearRatio" typeDefRefId="ID_TYPE_Real_1" pointer="false" />
              <Component id="ID_COMP_k_PI_47" name="k_PI" typeDefRefId="ID_TYPE_Real_1" pointer="false" />
              <Component id="ID_COMP_k_accCor_48" name="k_accCor" typeDefRefId="ID_TYPE_Real_1" pointer="false" />
              <Component id="ID_COMP_tauM_max_49" name="tauM_max" typeDefRefId="ID_TYPE_Real_1" pointer="false" />
            </Components>
          </Typedef>
        </Typedefs>
        <Macros />
      </CodeFile>
      <CodeFile id="ID_CODEFILE_tl_userblock.h_3" fileType="ProductionCode" codeType="HeaderFile">
        <FileReference fileRefId="ID_FILE_tl_userblock.h_3" />
      </CodeFile>
      <CodeFile id="ID_CODEFILE_tl_userblock.c_4" fileType="ProductionCode" codeType="SourceFile">
        <FileReference fileRefId="ID_FILE_tl_userblock.c_4" />
        <Includes>
          <Include codeFileRefId="ID_CODEFILE_TL_standard_mathematics.h_8" />
          <Include codeFileRefId="ID_CODEFILE_TL_saturation.h_7" />
          <Include codeFileRefId="ID_CODEFILE_TL_error_signals.h_5" />
          <Include codeFileRefId="ID_CODEFILE_tl_userblock.h_3" />
          <Include codeFileRefId="ID_CODEFILE_tl_basetypes.h_1" />
          <Include codeFileRefId="ID_CODEFILE_udt_a.h_2" />
        </Includes>
        <Macros>
          <ValueMacro name="eFMU_err_all_signals" id="ID_VALMCR_eFMU_err_all_signals_1" value="63" />
        </Macros>
        <Variables>
          <Variable name="eFMU_output" id="ID_VAR_eFMU_output_1" typeDefRefId="ID_TYPE_EFMU_output_t_4" pointer="false" const="false" volatile="false" static="false" />
          <Variable name="eFMU_tunableParameter" id="ID_VAR_eFMU_tunableParameter_2" typeDefRefId="ID_TYPE_EFMU_tunableParameter_t_6" pointer="false" const="false" volatile="false" static="false" />
          <Variable name="eFMU_input" id="ID_VAR_eFMU_input_3" typeDefRefId="ID_TYPE_EFMU_input_t_3" pointer="false" const="false" volatile="false" static="false" />
          <Variable name="eFMU_ErrorSignalStatus" id="ID_VAR_eFMU_ErrorSignalStatus_4" typeDefRefId="ID_TYPE_TGT_UInt32_9" pointer="false" const="false" volatile="false" static="false" />
        </Variables>
        <Functions>
          <Function name="Startup" id="ID_FCN_Startup_1">
            <ReturnParameter id="ID_AUX_1" typeDefRefId="ID_TYPE_VOID_1" />
          </Function>
          <Function name="DoStep" id="ID_FCN_DoStep_2">
            <ReturnParameter id="ID_AUX_2" typeDefRefId="ID_TYPE_VOID_1" />
          </Function>
          <Function name="Recalibrate" id="ID_FCN_Recalibrate_3">
            <ReturnParameter id="ID_AUX_3" typeDefRefId="ID_TYPE_VOID_1" />
          </Function>
        </Functions>
      </CodeFile>
      <CodeFile id="ID_CODEFILE_TL_error_signals.h_5" fileType="ProductionCode" codeType="HeaderFile">
        <FileReference fileRefId="ID_FILE_TL_error_signals.h_5" />
      </CodeFile>
      <CodeFile id="ID_CODEFILE_TL_error_signals.c_6" fileType="ProductionCode" codeType="SourceFile">
        <FileReference fileRefId="ID_FILE_TL_error_signals.c_6" />
        <Includes>
          <Include codeFileRefId="ID_CODEFILE_TL_error_signals.h_5" />
          <Include codeFileRefId="ID_CODEFILE_tl_basetypes.h_1" />
          <Include codeFileRefId="ID_CODEFILE_udt_a.h_2" />
          <Include codeFileRefId="ID_CODEFILE_TL_float_precision.h_10" />
          <Include codeFileRefId="ID_CODEFILE_TL_primitive_types.h_11" />
        </Includes>
        <Macros>
          <ValueMacro name="eFMU_err_INVALID_ARGUMENT" id="ID_VALMCR_eFMU_err_INVALID_ARGUMENT_2" value="1" />
          <ValueMacro name="eFMU_err_OVERFLOW" id="ID_VALMCR_eFMU_err_OVERFLOW_3" value="2" />
          <ValueMacro name="eFMU_err_NAN" id="ID_VALMCR_eFMU_err_NAN_4" value="4" />
          <ValueMacro name="eFMU_err_SOLVE_LINEAR_EQUATIONS_FAILED" id="ID_VALMCR_eFMU_err_SOLVE_LINEAR_EQUATIONS_FAILED_5" value="8" />
          <ValueMacro name="eFMU_err_NO_SOLUTION_FOUND" id="ID_VALMCR_eFMU_err_NO_SOLUTION_FOUND_6" value="16" />
          <ValueMacro name="eFMU_err_UNSPECIFIED_ERROR" id="ID_VALMCR_eFMU_err_UNSPECIFIED_ERROR_7" value="32" />
          <ValueMacro name="eFMU_err_all_predefined_signals" id="ID_VALMCR_eFMU_err_all_predefined_signals_8" value="63" />
        </Macros>
      </CodeFile>
      <CodeFile id="ID_CODEFILE_TL_saturation.h_7" fileType="ProductionCode" codeType="HeaderFile">
        <FileReference fileRefId="ID_FILE_TL_saturation.h_7" />
        <Includes>
          <Include codeFileRefId="ID_CODEFILE_TL_float_precision.h_10" />
          <Include codeFileRefId="ID_CODEFILE_TL_primitive_types.h_11" />
        </Includes>
        <Macros />
      </CodeFile>
      <CodeFile id="ID_CODEFILE_TL_standard_mathematics.h_8" fileType="ProductionCode" codeType="HeaderFile">
        <FileReference fileRefId="ID_FILE_TL_standard_mathematics.h_8" />
      </CodeFile>
      <CodeFile id="ID_CODEFILE_TL_standard_mathematics.c_9" fileType="ProductionCode" codeType="SourceFile">
        <FileReference fileRefId="ID_FILE_TL_standard_mathematics.c_9" />
        <Includes>
          <Include codeFileRefId="ID_CODEFILE_TL_standard_mathematics.h_8" />
          <Include codeFileRefId="ID_CODEFILE_TL_float_precision.h_10" />
          <Include codeFileRefId="ID_CODEFILE_TL_primitive_types.h_11" />
        </Includes>
        <Macros />
      </CodeFile>
      <CodeFile id="ID_CODEFILE_TL_float_precision.h_10" fileType="ProductionCode" codeType="HeaderFile">
        <FileReference fileRefId="ID_FILE_TL_float_precision.h_10" />
        <Macros />
      </CodeFile>
      <CodeFile id="ID_CODEFILE_TL_primitive_types.h_11" fileType="ProductionCode" codeType="HeaderFile">
        <FileReference fileRefId="ID_FILE_TL_primitive_types.h_11" />
        <Macros />
      </CodeFile>
    </CodeFiles>
    <TechnicalInformationLookUps>
      <DeclaredTypedefs>
        <DeclaredTypedef typeDefRefId="ID_TYPE_TGT_Bool_1" />
        <DeclaredTypedef typeDefRefId="ID_TYPE_TGT_Float32_2" />
        <DeclaredTypedef typeDefRefId="ID_TYPE_TGT_Float64_3" />
        <DeclaredTypedef typeDefRefId="ID_TYPE_TGT_Int16_4" />
        <DeclaredTypedef typeDefRefId="ID_TYPE_TGT_Int32_5" />
        <DeclaredTypedef typeDefRefId="ID_TYPE_TGT_Int64_6" />
        <DeclaredTypedef typeDefRefId="ID_TYPE_TGT_Int8_7" />
        <DeclaredTypedef typeDefRefId="ID_TYPE_TGT_UInt16_8" />
        <DeclaredTypedef typeDefRefId="ID_TYPE_TGT_UInt32_9" />
        <DeclaredTypedef typeDefRefId="ID_TYPE_TGT_UInt64_10" />
        <DeclaredTypedef typeDefRefId="ID_TYPE_TGT_UInt8_11" />
        <DeclaredTypedef typeDefRefId="ID_TYPE_Real_1" />
        <DeclaredTypedef typeDefRefId="ID_TYPE_EFMU_dependentParameter_t_2" />
        <DeclaredTypedef typeDefRefId="ID_TYPE_EFMU_input_t_3" />
        <DeclaredTypedef typeDefRefId="ID_TYPE_EFMU_output_t_4" />
        <DeclaredTypedef typeDefRefId="ID_TYPE_EFMU_state_t_5" />
        <DeclaredTypedef typeDefRefId="ID_TYPE_EFMU_tunableParameter_t_6" />
      </DeclaredTypedefs>
      <GlobalAccessableDataElements>
        <GlobalAccessableDataElement variableRefId="ID_VAR_eFMU_output_1" />
        <GlobalAccessableDataElement variableRefId="ID_VAR_eFMU_tunableParameter_2" />
        <GlobalAccessableDataElement variableRefId="ID_VAR_eFMU_input_3" />
        <GlobalAccessableDataElement variableRefId="ID_VAR_eFMU_ErrorSignalStatus_4" />
      </GlobalAccessableDataElements>
    </TechnicalInformationLookUps>
    <LogicalData>
      <DataReferences>
        <DataReference>
          <ForeignVariableReference manifestReferenceRefId="ID_MNFST_1" foreignRefId="block:fake-signal-variable-anchor" />
          <GlobalVariable variableRefId="ID_VAR_eFMU_ErrorSignalStatus_4" />
        </DataReference>
        <DataReference>
          <ForeignVariableReference manifestReferenceRefId="ID_MNFST_1" foreignRefId="M_motor" />
          <GlobalVariable componentIdentifier="eFMU_output.M_motor" variableRefId="ID_VAR_eFMU_output_1" />
        </DataReference>
        <DataReference>
          <ForeignVariableReference manifestReferenceRefId="ID_MNFST_1" foreignRefId="J_M" />
          <GlobalVariable componentIdentifier="eFMU_tunableParameter.J_M" variableRefId="ID_VAR_eFMU_tunableParameter_2" />
        </DataReference>
        <DataReference>
          <ForeignVariableReference manifestReferenceRefId="ID_MNFST_1" foreignRefId="Ni_PI" />
          <GlobalVariable componentIdentifier="eFMU_tunableParameter.Ni_PI" variableRefId="ID_VAR_eFMU_tunableParameter_2" />
        </DataReference>
        <DataReference>
          <ForeignVariableReference manifestReferenceRefId="ID_MNFST_1" foreignRefId="Ti_PI" />
          <GlobalVariable componentIdentifier="eFMU_tunableParameter.Ti_PI" variableRefId="ID_VAR_eFMU_tunableParameter_2" />
        </DataReference>
        <DataReference>
          <ForeignVariableReference manifestReferenceRefId="ID_MNFST_1" foreignRefId="c_res" />
          <GlobalVariable componentIdentifier="eFMU_tunableParameter.c_res" variableRefId="ID_VAR_eFMU_tunableParameter_2" />
        </DataReference>
        <DataReference>
          <ForeignVariableReference manifestReferenceRefId="ID_MNFST_1" foreignRefId="d_res" />
          <GlobalVariable componentIdentifier="eFMU_tunableParameter.d_res" variableRefId="ID_VAR_eFMU_tunableParameter_2" />
        </DataReference>
        <DataReference>
          <ForeignVariableReference manifestReferenceRefId="ID_MNFST_1" foreignRefId="f_cut" />
          <GlobalVariable componentIdentifier="eFMU_tunableParameter.f_cut" variableRefId="ID_VAR_eFMU_tunableParameter_2" />
        </DataReference>
        <DataReference>
          <ForeignVariableReference manifestReferenceRefId="ID_MNFST_1" foreignRefId="gearRatio" />
          <GlobalVariable componentIdentifier="eFMU_tunableParameter.gearRatio" variableRefId="ID_VAR_eFMU_tunableParameter_2" />
        </DataReference>
        <DataReference>
          <ForeignVariableReference manifestReferenceRefId="ID_MNFST_1" foreignRefId="k_PI" />
          <GlobalVariable componentIdentifier="eFMU_tunableParameter.k_PI" variableRefId="ID_VAR_eFMU_tunableParameter_2" />
        </DataReference>
        <DataReference>
          <ForeignVariableReference manifestReferenceRefId="ID_MNFST_1" foreignRefId="k_accCor" />
          <GlobalVariable componentIdentifier="eFMU_tunableParameter.k_accCor" variableRefId="ID_VAR_eFMU_tunableParameter_2" />
        </DataReference>
        <DataReference>
          <ForeignVariableReference manifestReferenceRefId="ID_MNFST_1" foreignRefId="tauM_max" />
          <GlobalVariable componentIdentifier="eFMU_tunableParameter.tauM_max" variableRefId="ID_VAR_eFMU_tunableParameter_2" />
        </DataReference>
        <DataReference>
          <ForeignVariableReference manifestReferenceRefId="ID_MNFST_1" foreignRefId="M_desired" />
          <GlobalVariable componentIdentifier="eFMU_input.M_desired" variableRefId="ID_VAR_eFMU_input_3" />
        </DataReference>
        <DataReference>
          <ForeignVariableReference manifestReferenceRefId="ID_MNFST_1" foreignRefId="wRel" />
          <GlobalVariable componentIdentifier="eFMU_input.wRel" variableRefId="ID_VAR_eFMU_input_3" />
        </DataReference>
      </DataReferences>
      <FunctionReferences>
        <FunctionReference>
          <ForeignFunctionReference manifestReferenceRefId="ID_MNFST_1" foreignRefId="Startup()" />
          <GlobalFunction functionRefId="ID_FCN_Startup_1" />
        </FunctionReference>
        <FunctionReference>
          <ForeignFunctionReference manifestReferenceRefId="ID_MNFST_1" foreignRefId="DoStep()" />
          <GlobalFunction functionRefId="ID_FCN_DoStep_2" />
        </FunctionReference>
        <FunctionReference>
          <ForeignFunctionReference manifestReferenceRefId="ID_MNFST_1" foreignRefId="Recalibrate()" />
          <GlobalFunction functionRefId="ID_FCN_Recalibrate_3" />
        </FunctionReference>
      </FunctionReferences>
    </LogicalData>
  </CodeContainer>
</Manifest>