<?xml version="1.0" encoding="utf-8"?>
<Manifest xmlns:xsi="http://www.w3.org/2001/XMLSchema-instance" xsi:noNamespaceSchemaLocation="../schemas/ProductionCode/efmiProductionCodeManifest.xsd" efmiVersion="1.0.0" xsdVersion="0.16.0" kind="ProductionCode" generationTool="SCODE-CONGRA ()" generationDateAndTime="2021-03-15T08:20:42.2627966" name="M04_A" id="{c9a6c77d-18c7-52ce-c14a-979ab56a548e}">
	<ManifestReferences>
		<ManifestReference id="MFRID_M04_A" manifestRefId="{4585651c-9211-49f2-8f20-6c3ebe08e650}" checksum="bb1fcaa777c0a6ab4dd9fc6fa409798ace78f031" origin="true"/>
	</ManifestReferences>
	<Files>
		<File id="FID_M04_A.c" name="M04_A.c" path="./" needsChecksum="true" checksum="ed15da100a379d1f0920b9b468a8b54f1b2563d9" role="Code"/>
		<File id="FID_M04_A.h" name="M04_A.h" path="./" needsChecksum="true" checksum="c9844c360af851bb7458728a5fc697a6ad72cb86" role="Code"/>
	</Files>
	<CodeContainer language="C" standard="C99" platform="Legacy" floatPrecision="32-bit">
		<Target>Generic</Target>
		<TargetTypes>
			<TargetType id="TTID_float32" kind="efmiFloat32" codedType="float"/>
			<TargetType id="TTID_float64" kind="efmiFloat64" codedType="double"/>
			<TargetType id="TTID_UnsignedInteger8" kind="efmiUnsignedInteger8" codedType="unsigned char"/>
			<TargetType id="TTID_UnsignedInteger16" kind="efmiUnsignedInteger16" codedType="unsigned short"/>
			<TargetType id="TTID_UnsignedInteger32" kind="efmiUnsignedInteger32" codedType="unsigned int"/>
			<TargetType id="TTID_Integer8" kind="efmiInteger8" codedType="signed char"/>
			<TargetType id="TTID_Integer16" kind="efmiInteger16" codedType="signed short"/>
			<TargetType id="TTID_Integer32" kind="efmiInteger32" codedType="signed int"/>
			<TargetType id="TTID_void" kind="efmiVoid" codedType="void"/>
			<TargetType id="TTID_bool" kind="efmiBool" codedType="unsigned char"/>
		</TargetTypes>
		<CodeFiles>
			<CodeFile id="CFID_M04_A.h" fileType="ProductionCode" codeType="HeaderFile">
				<FileReference fileRefId="FID_M04_A.h" kind="Code"/>
			</CodeFile>
			<CodeFile id="CFID_M04_A.c" fileType="ProductionCode" codeType="SourceFile">
				<FileReference fileRefId="FID_M04_A.c" kind="Code"/>
				<Includes>
					<Include codeFileRefId="CFID_M04_A.h"/>
				</Includes>
				<Typedefs>
					<Typedef id="TDID_float32" name="float32">
						<Alias targetTypeRefId="TTID_float32"/>
					</Typedef>
					<Typedef id="TDID_float64" name="float64">
						<Alias targetTypeRefId="TTID_float64"/>
					</Typedef>
					<Typedef id="TDID_UnsignedInteger8" name="UnsignedInteger8">
						<Alias targetTypeRefId="TTID_UnsignedInteger8"/>
					</Typedef>
					<Typedef id="TDID_UnsignedInteger16" name="UnsignedInteger16">
						<Alias targetTypeRefId="TTID_UnsignedInteger16"/>
					</Typedef>
					<Typedef id="TDID_UnsignedInteger32" name="UnsignedInteger32">
						<Alias targetTypeRefId="TTID_UnsignedInteger32"/>
					</Typedef>
					<Typedef id="TDID_Integer8" name="Integer8">
						<Alias targetTypeRefId="TTID_Integer8"/>
					</Typedef>
					<Typedef id="TDID_Integer16" name="Integer16">
						<Alias targetTypeRefId="TTID_Integer16"/>
					</Typedef>
					<Typedef id="TDID_Integer32" name="Integer32">
						<Alias targetTypeRefId="TTID_Integer32"/>
					</Typedef>
					<Typedef id="TDID_void" name="void">
						<Alias targetTypeRefId="TTID_void"/>
					</Typedef>
					<Typedef id="TDID_bool" name="bool">
						<Alias targetTypeRefId="TTID_bool"/>
					</Typedef>
				</Typedefs>
				<Variables>
					<Variable id="VID_signalVariable" name="signalVariable" typeDefRefId="TDID_UnsignedInteger32" pointer="false" value="0" const="false" volatile="true" static="false"/>
					<Variable id="VID_M_desired" name="M_desired" typeDefRefId="TDID_float32" pointer="false" value="0.0" const="false" volatile="true" static="false"/>
					<Variable id="VID_wRel" name="wRel" typeDefRefId="TDID_float32" pointer="false" value="0.0" const="false" volatile="true" static="false"/>
					<Variable id="VID_M_motor" name="M_motor" typeDefRefId="TDID_float32" pointer="false" value="0.0" const="false" volatile="true" static="false"/>
					<Variable id="VID_J_M" name="J_M" typeDefRefId="TDID_float32" pointer="false" value="0.0100000000000000002" const="false" volatile="true" static="false"/>
					<Variable id="VID_Ni_PI" name="Ni_PI" typeDefRefId="TDID_float32" pointer="false" value="1.34000000000000008" const="false" volatile="true" static="false"/>
					<Variable id="VID_Ti_PI" name="Ti_PI" typeDefRefId="TDID_float32" pointer="false" value="1.25" const="false" volatile="true" static="false"/>
					<Variable id="VID_c_res" name="c_res" typeDefRefId="TDID_float32" pointer="false" value="4710.0" const="false" volatile="true" static="false"/>
					<Variable id="VID_d_res" name="d_res" typeDefRefId="TDID_float32" pointer="false" value="1.57000000000000006" const="false" volatile="true" static="false"/>
					<Variable id="VID_f_cut" name="f_cut" typeDefRefId="TDID_float32" pointer="false" value="33.0" const="false" volatile="true" static="false"/>
					<Variable id="VID_gearRatio" name="gearRatio" typeDefRefId="TDID_float32" pointer="false" value="10.0" const="false" volatile="true" static="false"/>
					<Variable id="VID_k_PI" name="k_PI" typeDefRefId="TDID_float32" pointer="false" value="-73.0" const="false" volatile="true" static="false"/>
					<Variable id="VID_k_accCor" name="k_accCor" typeDefRefId="TDID_float32" pointer="false" value="-0.0101615216387814008" const="false" volatile="true" static="false"/>
					<Variable id="VID_tauM_max" name="tauM_max" typeDefRefId="TDID_float32" pointer="false" value="1230.0" const="false" volatile="true" static="false"/>
				</Variables>
				<Functions>
					<Function id="FCID_Startup" name="Startup">
						<ReturnParameter id="RPID_Startup" typeDefRefId="TDID_void"/>
						<FormalParameters>
							<FormalParameter id="FPID_Startup#signalVariable" name="signalVariable" number="0" typeDefRefId="TDID_UnsignedInteger32" pointer="true" const="true"/>
						</FormalParameters>
					</Function>
					<Function id="FCID_Recalibrate" name="Recalibrate">
						<ReturnParameter id="RPID_Recalibrate" typeDefRefId="TDID_void"/>
					</Function>
					<Function id="FCID_DoStep" name="DoStep">
						<ReturnParameter id="RPID_DoStep" typeDefRefId="TDID_void"/>
						<FormalParameters>
							<FormalParameter id="FPID_DoStep#M_desired" name="M_desired" number="0" typeDefRefId="TDID_float32" pointer="false" const="false"/>
							<FormalParameter id="FPID_DoStep#wRel" name="wRel" number="1" typeDefRefId="TDID_float32" pointer="false" const="false"/>
							<FormalParameter id="FPID_DoStep#M_motor" name="M_motor" number="2" typeDefRefId="TDID_float32" pointer="true" const="true"/>
							<FormalParameter id="FPID_DoStep#signalVariable" name="signalVariable" number="3" typeDefRefId="TDID_UnsignedInteger32" pointer="true" const="true"/>
						</FormalParameters>
					</Function>
				</Functions>
			</CodeFile>
		</CodeFiles>
		<TechnicalInformationLookUps>
			<DeclaredTypedefs>
				<DeclaredTypedef typeDefRefId="TDID_float32"/>
				<DeclaredTypedef typeDefRefId="TDID_float64"/>
				<DeclaredTypedef typeDefRefId="TDID_UnsignedInteger8"/>
				<DeclaredTypedef typeDefRefId="TDID_UnsignedInteger16"/>
				<DeclaredTypedef typeDefRefId="TDID_UnsignedInteger32"/>
				<DeclaredTypedef typeDefRefId="TDID_Integer8"/>
				<DeclaredTypedef typeDefRefId="TDID_Integer16"/>
				<DeclaredTypedef typeDefRefId="TDID_Integer32"/>
				<DeclaredTypedef typeDefRefId="TDID_void"/>
				<DeclaredTypedef typeDefRefId="TDID_bool"/>
			</DeclaredTypedefs>
			<GlobalAccessableDataElements>
				<GlobalAccessableDataElement variableRefId="VID_signalVariable"/>
				<GlobalAccessableDataElement variableRefId="VID_M_desired"/>
				<GlobalAccessableDataElement variableRefId="VID_wRel"/>
				<GlobalAccessableDataElement variableRefId="VID_M_motor"/>
				<GlobalAccessableDataElement variableRefId="VID_J_M"/>
				<GlobalAccessableDataElement variableRefId="VID_Ni_PI"/>
				<GlobalAccessableDataElement variableRefId="VID_Ti_PI"/>
				<GlobalAccessableDataElement variableRefId="VID_c_res"/>
				<GlobalAccessableDataElement variableRefId="VID_d_res"/>
				<GlobalAccessableDataElement variableRefId="VID_f_cut"/>
				<GlobalAccessableDataElement variableRefId="VID_gearRatio"/>
				<GlobalAccessableDataElement variableRefId="VID_k_PI"/>
				<GlobalAccessableDataElement variableRefId="VID_k_accCor"/>
				<GlobalAccessableDataElement variableRefId="VID_tauM_max"/>
			</GlobalAccessableDataElements>
		</TechnicalInformationLookUps>
		<LogicalData>
			<DataReferences>
				<DataReference>
					<ForeignVariableReference manifestReferenceRefId="MFRID_M04_A" foreignRefId="block:fake-signal-variable-anchor"/>
					<GlobalVariable variableRefId="VID_signalVariable"/>
				</DataReference>
				<DataReference>
					<ForeignVariableReference manifestReferenceRefId="MFRID_M04_A" foreignRefId="M_desired"/>
					<GlobalVariable variableRefId="VID_M_desired"/>
				</DataReference>
				<DataReference>
					<ForeignVariableReference manifestReferenceRefId="MFRID_M04_A" foreignRefId="wRel"/>
					<GlobalVariable variableRefId="VID_wRel"/>
				</DataReference>
				<DataReference>
					<ForeignVariableReference manifestReferenceRefId="MFRID_M04_A" foreignRefId="M_motor"/>
					<GlobalVariable variableRefId="VID_M_motor"/>
				</DataReference>
				<DataReference>
					<ForeignVariableReference manifestReferenceRefId="MFRID_M04_A" foreignRefId="J_M"/>
					<GlobalVariable variableRefId="VID_J_M"/>
				</DataReference>
				<DataReference>
					<ForeignVariableReference manifestReferenceRefId="MFRID_M04_A" foreignRefId="Ni_PI"/>
					<GlobalVariable variableRefId="VID_Ni_PI"/>
				</DataReference>
				<DataReference>
					<ForeignVariableReference manifestReferenceRefId="MFRID_M04_A" foreignRefId="Ti_PI"/>
					<GlobalVariable variableRefId="VID_Ti_PI"/>
				</DataReference>
				<DataReference>
					<ForeignVariableReference manifestReferenceRefId="MFRID_M04_A" foreignRefId="c_res"/>
					<GlobalVariable variableRefId="VID_c_res"/>
				</DataReference>
				<DataReference>
					<ForeignVariableReference manifestReferenceRefId="MFRID_M04_A" foreignRefId="d_res"/>
					<GlobalVariable variableRefId="VID_d_res"/>
				</DataReference>
				<DataReference>
					<ForeignVariableReference manifestReferenceRefId="MFRID_M04_A" foreignRefId="f_cut"/>
					<GlobalVariable variableRefId="VID_f_cut"/>
				</DataReference>
				<DataReference>
					<ForeignVariableReference manifestReferenceRefId="MFRID_M04_A" foreignRefId="gearRatio"/>
					<GlobalVariable variableRefId="VID_gearRatio"/>
				</DataReference>
				<DataReference>
					<ForeignVariableReference manifestReferenceRefId="MFRID_M04_A" foreignRefId="k_PI"/>
					<GlobalVariable variableRefId="VID_k_PI"/>
				</DataReference>
				<DataReference>
					<ForeignVariableReference manifestReferenceRefId="MFRID_M04_A" foreignRefId="k_accCor"/>
					<GlobalVariable variableRefId="VID_k_accCor"/>
				</DataReference>
				<DataReference>
					<ForeignVariableReference manifestReferenceRefId="MFRID_M04_A" foreignRefId="tauM_max"/>
					<GlobalVariable variableRefId="VID_tauM_max"/>
				</DataReference>
				<DataReference>
					<ForeignVariableReference manifestReferenceRefId="MFRID_M04_A" foreignRefId="block:fake-signal-variable-anchor"/>
					<FormalParameter formalParameterRefId="FPID_Startup#signalVariable"/>
				</DataReference>
				<DataReference>
					<ForeignVariableReference manifestReferenceRefId="MFRID_M04_A" foreignRefId="M_desired"/>
					<FormalParameter formalParameterRefId="FPID_DoStep#M_desired"/>
				</DataReference>
				<DataReference>
					<ForeignVariableReference manifestReferenceRefId="MFRID_M04_A" foreignRefId="wRel"/>
					<FormalParameter formalParameterRefId="FPID_DoStep#wRel"/>
				</DataReference>
				<DataReference>
					<ForeignVariableReference manifestReferenceRefId="MFRID_M04_A" foreignRefId="M_motor"/>
					<FormalParameter formalParameterRefId="FPID_DoStep#M_motor"/>
				</DataReference>
				<DataReference>
					<ForeignVariableReference manifestReferenceRefId="MFRID_M04_A" foreignRefId="block:fake-signal-variable-anchor"/>
					<FormalParameter formalParameterRefId="FPID_DoStep#signalVariable"/>
				</DataReference>
			</DataReferences>
			<FunctionReferences>
				<FunctionReference>
					<ForeignFunctionReference manifestReferenceRefId="MFRID_M04_A" foreignRefId="Startup()"/>
					<GlobalFunction functionRefId="FCID_Startup"/>
				</FunctionReference>
				<FunctionReference>
					<ForeignFunctionReference manifestReferenceRefId="MFRID_M04_A" foreignRefId="Recalibrate()"/>
					<GlobalFunction functionRefId="FCID_Recalibrate"/>
				</FunctionReference>
				<FunctionReference>
					<ForeignFunctionReference manifestReferenceRefId="MFRID_M04_A" foreignRefId="DoStep()"/>
					<GlobalFunction functionRefId="FCID_DoStep"/>
				</FunctionReference>
			</FunctionReferences>
		</LogicalData>
	</CodeContainer>
</Manifest>
