<?xml version="1.0" encoding="UTF-8"?>
<Content xmlns:xsi="http://www.w3.org/2001/XMLSchema-instance" xsi:noNamespaceSchemaLocation="schemas/efmiContainerManifest.xsd" efmiVersion="1.0.0" generationDateAndTime="2021-03-08T11:05:28.4148187+01:00" id="{be207522-b45d-4032-b01c-0dee1f93bf80}" name="eFMI_TestCases.M04_DrivetrainTorqueControl.Controllers.Controller" xsdVersion="0.9.0">
  <ModelRepresentation checksum="bb1fcaa777c0a6ab4dd9fc6fa409798ace78f031" kind="AlgorithmCode" manifest="manifest.xml" manifestRefId="{4585651c-9211-49f2-8f20-6c3ebe08e650}" name="AlgorithmCodeContainer_Dymola"/>
  <ModelRepresentation checksum="474a2a8b4fbe1f7d9eb5f65c0f59f126363b7e8c" kind="BehavioralModel" manifest="manifest.xml" manifestRefId="{8e8de505-056d-42b5-b5c0-ee3ab570d2d5}" name="BehavioralModel"/>
  <ModelRepresentation checksum="b32a87b0f05bdb8801790ec0c26348f0b051cc55" kind="BinaryCode" manifest="manifest.xml" manifestRefId="{e9806ccf-bbe1-4e07-b8be-01f8527bbbad}" name="BinaryCodeESP32"/>
  <ModelRepresentation checksum="52ec7f5305544d4aafae0a89091c7ce86dc469b4" kind="ProductionCode" manifest="ProductionCodeMF.xml" manifestRefId="{c9a6c77d-18c7-52ce-c14a-979ab56a548e}" name="ProductionCode_Congra_Inout_32"/>
  <ModelRepresentation checksum="17f6c4750867c767952034d9b31ca741648479c4" kind="ProductionCode" manifest="ProductionCodeMF.xml" manifestRefId="{dc5eb715-e25f-7ce7-eeca-eff190272828}" name="ProductionCode_Congra_Inout_64"/>
  <ModelRepresentation checksum="5c5d5cc9ba73892103e611a509cec822e91cff4c" kind="ProductionCode" manifest="manifest.xml" manifestRefId="{e3b36d9b-dd3b-4702-82c0-1c06b1611bb6}" name="ProductionCode_TargetLink32"/>
  <ModelRepresentation checksum="baf6a296bad440cedc3c6c25a84f9f716e20b166" kind="ProductionCode" manifest="manifest.xml" manifestRefId="{38b0bc2e-6481-4349-bad4-2ba3d5b43f4c}" name="ProductionCode_TargetLink64"/>
  <ModelRepresentation checksum="1573e4d679b95d90fc588329542d0913c13a8ae3" kind="ProductionCode" manifest="manifest.xml" manifestRefId="{0e483707-8851-4de2-baae-0dbf9d2524c4}" name="ProductionCodeESP32"/>
  <ModelRepresentation checksum="b724f5f75066c4a5f85a89c88416faa04476b8e3" kind="ProductionCode" manifest="manifest.xml" manifestRefId="{c5628472-a1af-401d-9c99-6df783667212}" name="ProductionCodeESP64"/>
</Content>